finger,carrier_net,t41_pin,t41_pin_name_or_note
1,VCORE,,
2,VCORE,,
3,VCORE,,
4,VCORE,,
5,GND,,
6,MICLP,29,MICLP (MICPL)
7,HPOUTL,34,HPOUTL (HPOUTL)
8,GND,,
9,VDDR,,
10,VDDR,,
11,GND,,
12,GND,,
13,+3V3,,
14,+3V3,,
15,+1V8,,
16,+1V8,,
17,+5V_SW,,
18,+5V_SW,,
19,GND,,
20,USBA_HOST_DP,36,USBA_HOST_DP (USB0PP)
21,USBA_HOST_DM,35,USBA_HOST_DM (USB0PN)
22,GND,,
23,VCORE_SNS,,
24,HOSTED_DATA_READY,,
25,HOSTED_HANDSHAKE,,
26,HOSTED_SPI_CS,,
27,HOSTED_SPI_MISO,,
28,SFC_IO2,,
29,SFC_IO1,,
30,SFC_CLK,,
31,SFC_IO0,,
32,SFC_CS,,
33,SFC_IO3,,
34,RESET_EN,,
35,BOOTSEL,,
36,GND,,
37,GND,,
38,GND,,
39,GND,,
40,GND,,
41,GND,,
42,UART1_RX,,
43,UART1_TX,,
44,HOSTED_SPI_MOSI,,
45,HOSTED_SPI_CLK,,
46,I2C_ID_SCL,,
47,I2C_ID_SDA,,
48,HOSTED_RESET,,
49,GND,,
50,MSC0_D1,61,MSC0_D1 (MSC0_D1_PB01)
51,GND,,
52,MSC0_D0,63,MSC0_D0 (MSC0_D0_PB00)
53,MSC0_CLK,62,MSC0_CLK (MSC0_CLK_PB04)
54,MSC0_CMD,68,MSC0_CMD (MSC0_CMD_PB05)
55,MSC0_D3_CD,64,MSC0_D3_CD (MSC0_D3_PB03)
56,MSC0_D2,67,MSC0_D2 (MSC0_D2_PB02)
57,GND,,
58,GND,,
59,GND,,
60,MIPI0_SCCB_SDA,,
61,MIPI0_SCCB_SCL,,
62,MIPI0_GPIO,19,MIPI0_GPIO (MCLK_PA15)
63,GND,,
64,MIPI0_CLKP,25,MIPI0_CLKP (CSI_CLKP)
65,MIPI0_CLKN,26,MIPI0_CLKN (CSI_CLKN)
66,GND,,
67,MIPI0_D1P,27,MIPI0_D1P (CSI_DATAP1)
68,MIPI0_D1N,28,MIPI0_D1N (CSI_DATAN1)
69,GND,,
70,MIPI0_D0P,23,MIPI0_D0P (CSI_DATAP0)
71,MIPI0_D0N,24,MIPI0_D0N (CSI_DATAN0)
72,GND,,
73,MIPI1_SCCB_SDA,,
74,MIPI1_SCCB_SCL,,
75,MIPI1_GPIO,,
76,GND,,
77,MIPI1_CLKP,,
78,MIPI1_CLKN,,
79,GND,,
80,MIPI1_D1P,,
81,MIPI1_D1N,,
82,GND,,
83,MIPI1_D0P,,
84,MIPI1_D0N,,
85,GND,,
86,GND,,
87,GMAC0_MDIO,48,GMAC0_MDIO (GMAC_MDIO_PB11)
88,GMAC0_MDCK,49,GMAC0_MDCK (GMAC_MDCK_PB10)
89,GMAC0_TXCLK,56,GMAC0_TXCLK (GMAC_TXCLK_UART5_TXD_PB06)
90,GMAC0_PHYCLK,46,GMAC0_PHYCLK (GMAC_PHY_CLK_PB07)
91,GMAC0_TXEN,53,GMAC0_TXEN (GMAC_TXEN_PB08)
92,GMAC0_TXD0,55,GMAC0_TXD0 (GMAC_TXD0_PB13)
93,GMAC0_TXD1,54,GMAC0_TXD1 (GMAC_TXD1_PB14)
94,GMAC0_RXDV,47,GMAC0_RXDV (GMAC_RXDV_PB09)
95,GMAC0_RXD0,58,GMAC0_RXD0 (GMAC_RXD0_PB15)
96,GMAC0_RXD1,57,GMAC0_RXD1 (GMAC_RXD1_PB16)
97,GND,,
98,UART0_RXD,94,UART0_RXD (UART0_RXD_SMB2_SCK_PC09)
99,UART0_TXD,95,UART0_TXD (UART0_TXD_SMB2_SDA_PC08)
100,UART0_CTS,2,UART0_CTS (UART0_CTS_I2S_DAC_MCLK_PC11)
101,UART0_RTS,96,UART0_RTS (UART0_RTS_I2S_ADC_MCLK_PC12)
102,GND,,
103,UART2_RXD,91,UART2_RXD (UART2_RXD_I2S_ADC_LRCK_PC14)
104,UART2_TXD,92,UART2_TXD (UART2_TXD_I2S_DAC_BCLK_PC13)
105,UART2_CTS,89,UART2_CTS (UART2_CTS_SMB1_SDA_PC19)
106,UART2_RTS,90,UART2_RTS (UART2_RTS_SMB1_SCK_PC20)
107,GND,,
108,UART3_RXD,,
109,UART3_TXD,,
110,UART3_CTS,,
111,UART3_RTS,,
112,GND,,
113,GMAC1_MDIO,,
114,GMAC1_MDCK,,
115,GMAC1_TXCLK,,
116,GMAC1_PHYCLK,,
117,GMAC1_TXEN,,
118,GMAC1_TXD0,,
119,GMAC1_TXD1,,
120,GMAC1_RXDV,,
121,GMAC1_RXD0,,
122,GMAC1_RXD1,,
123,GND,,
124,SSI0_CLK,44,SSI0_CLK (SFC0_SCLK_PA27)
125,SSI0_DT,43,SSI0_DT (SFC0_DT_PA23)
126,SSI0_DR,39,SSI0_DR (SFC0_DR_PA24)
127,SSI0_CE0,38,SSI0_CE0 (SFC0_CS_N_PA28)
128,SSI0_CE1,,
129,SSI0_GPC,,
130,GND,,
131,SSI1_CLK,3,SSI1_CLK (SSI_SLV_CLK_I2S_DAC_BCLK_PWM0_EXCLK_PC15)
132,SSI1_DT,5,SSI1_DT (SSI_SLV_DT_I2S_SDTO_PWM2_PC17)
133,SSI1_DR,1,SSI1_DR (SSI_SLV_DR_I2S_SDTI_PWM3_PC18)
134,SSI1_CE0,4,SSI1_CE0 (SSI_SLV_CE0_I2S_DAC_LRCK_PWM1_RTC32K_PC16)
135,GND,,
136,PWM0,72,PWM0 (PWM0_PB17)
137,PWM1,71,PWM1 (PWM1_PB18)
138,PWM2,,
139,PWM3,,
140,PWM4,,
141,PWM5,,
142,PWM6,,
143,PWM7,,
144,GND,,
145,GND,,
146,SAR_AUX0,51,SAR_AUX0 (SADC_VIN0)
147,GND,,
148,SMB0_SDA,20,SMB0_SDA (SMB0_SDA_PA12)
149,SMB0_SCK,21,SMB0_SCK (SMB0_SCK_PA13)
150,SMB1_SDA,77,SMB1_SDA (SMB1_SDA_UART3_TXD_SSI1_CE1_PB25)
151,SMB1_SCK,78,SMB1_SCK (SMB1_SCK_UART3_RXD_SSI1_GPC_PB26)
152,GND,,
153,GPIO0,79,GPIO0 (GPIO_PB31)
154,GPIO1,,
155,GPIO2,,
156,GPIO3,,
157,GPIO4,,
158,GPIO5,,
159,GPIO6,,
160,GPIO7,,
161,GPIO8,,
162,GPIO9,,
163,GPIO10,,
164,GPIO11,,
165,GPIO12,,
166,GPIO13,,
167,GPIO14,,
168,GPIO15,,
169,GND,,
170,GND,,
171,GND,,
172,GND,,
173,SPARE_P173,,
174,SPARE_P174,,
175,SPARE_P175,18,SPARE_P175 (GPIO_PA18)
176,SPARE_P176,,
177,SPARE_P177,,
178,SPARE_P178,,
179,SPARE_P179,80,SPARE_P179 (BOOT_SEL0_PC00)
180,SPARE_P180,,
181,SPARE_P181,,
182,SPARE_P182,30,SPARE_P182 (MICNL)
183,SPARE_P183,42,SPARE_P183 (SFC0_WP_PA26)
184,SPARE_P184,45,SPARE_P184 (SFC0_HOLD_PA25)
185,SPARE_P185,69,SPARE_P185 (UART1_RXD_PB24)
186,SPARE_P186,70,SPARE_P186 (UART1_TXD_PB23)
187,SPARE_P187,73,SPARE_P187 (DMIC_DAT1_UART4_RXD_SSI1_CE0_PB30)
188,SPARE_P188,74,SPARE_P188 (DMIC_DAT0_UART4_TXD_SSI1_DR_PB29)
189,SPARE_P189,75,SPARE_P189 (DMIC_CLK_SMB2_SCK_SSI1_CLK_PB28)
190,SPARE_P190,76,SPARE_P190 (DRV_VBUS_SMB2_SDA_SSI1_DT_PB27)
191,SPARE_P191,93,SPARE_P191 ()
192,SPARE_P192,,
193,SPARE_P193,,
194,SPARE_P194,,
195,SPARE_P195,,
196,SPARE_P196,,
197,SPARE_P197,,
198,SPARE_P198,,
199,SPARE_P199,,
200,SPARE_P200,,
201,SPARE_P201,,
202,SPARE_P202,,
203,SPARE_P203,,
204,SPARE_P204,,
205,SPARE_P205,,
206,SPARE_P206,,
207,SPARE_P207,,
208,SPARE_P208,,
209,SPARE_P209,,
210,SPARE_P210,,
211,SPARE_P211,,
212,SPARE_P212,,
213,SPARE_P213,,
214,SPARE_P214,,
215,SPARE_P215,,
216,SPARE_P216,,
217,SPARE_P217,,
218,SPARE_P218,,
219,SPARE_P219,,
220,SPARE_P220,,
221,SPARE_P221,,
222,SPARE_P222,,
223,SPARE_P223,,
224,SPARE_P224,,
225,SPARE_P225,,
226,SPARE_P226,,
227,SPARE_P227,,
228,SPARE_P228,,
229,SPARE_P229,,
230,SPARE_P230,,
231,SPARE_P231,,
232,SPARE_P232,,
233,SPARE_P233,,
234,SPARE_P234,,
235,SPARE_P235,,
236,SPARE_P236,,
237,SPARE_P237,,
238,SPARE_P238,,
239,SPARE_P239,,
240,SPARE_P240,,
241,SPARE_P241,,
242,SPARE_P242,,
243,SPARE_P243,,
244,SPARE_P244,,
245,SPARE_P245,,
246,SPARE_P246,,
247,SPARE_P247,,
248,SPARE_P248,,
249,SPARE_P249,,
250,SPARE_P250,,
251,SPARE_P251,,
252,SPARE_P252,,
253,SPARE_P253,,
254,SPARE_P254,,
255,SPARE_P255,,
256,SPARE_P256,,
257,SPARE_P257,,
258,SPARE_P258,,
259,SPARE_P259,,
260,SPARE_P260,,
261,SPARE_P261,,
262,SPARE_P262,,
263,SPARE_P263,,
264,SPARE_P264,,
265,SPARE_P265,,
266,SPARE_P266,,
267,SPARE_P267,,
268,SPARE_P268,,
269,SPARE_P269,,
270,SPARE_P270,,
271,SPARE_P271,,
272,SPARE_P272,,
273,SPARE_P273,,
274,SPARE_P274,,
275,SPARE_P275,,
276,SPARE_P276,,
277,SPARE_P277,,
278,SPARE_P278,,
279,SPARE_P279,,
280,SPARE_P280,,
281,SPARE_P281,,
282,SPARE_P282,,
283,MSC1_CLK,11,MSC1_CLK (MSC1_CLK_SSI0_CLK_PC02)
284,MSC1_CMD,10,MSC1_CMD (MSC1_CMD_SSI0_CE0_PC03)
285,MSC1_D0,7,MSC1_D0 (MSC1_D0_SSI0_DT_PC04)
286,MSC1_D1,6,MSC1_D1 (MSC1_D1_SSI0_DR_PC05)
287,MSC1_D2,13,MSC1_D2 (MSC1_D2_SSI0_GPC_PC06)
288,MSC1_D3_CD,12,MSC1_D3_CD (MSC1_D3_SSI0_CE1_PC07)
